date,temperaturemin,temperaturemax,precipitation,snow,snwd,awnd
1/12/17,54,73,0,0,0,12.53
3/31/17,58,79,0.42,0,0,10.74
5/16/17,57,87,0,0,0,3.58
6/24/17,71,91,0.46,0,0,7.83
7/1/17,73,90,0,0,0,9.17
7/3/17,70,93,0.15,0,0,2.91
7/24/17,71,93,0,0,0,7.16
7/31/17,58,87,0,0,0,4.47
8/5/17,68,92,0,0,0,6.49
11/12/17,28,49,0.03,0,0,1.57
11/21/17,30,64,0,0,0,2.91
11/27/17,26,61,0,0,0,1.34
12/9/17,32,34,0.3,0,0,5.82
12/24/17,43,61,0,0,0,7.38
1/16/18,20,47,0,0,0,1.79
3/6/18,32,42,0.45,0,0,4.47
3/16/18,39,68,0,0,0,5.82
4/5/18,34,61,0,0,0,3.58
5/10/18,59,87,0.18,0,0,9.17
6/4/18,64,85,0,0,0,5.59
6/19/18,73,96,0,0,0,5.59
7/12/18,72,87,0.01,0,0,7.61
9/12/18,72,88,0.13,0,0,5.14
10/28/18,42,64,0,0,0,8.5
10/31/18,42,72,0,0,0,8.5
11/30/18,42,68,0.02,0,0,8.72
12/24/18,29,51,0,0,0,4.03
12/27/18,29,54,0.02,0,0,5.14
2/28/19,42,62,0,0,0,5.82
3/27/19,30,57,0,0,0,6.93
4/22/19,43,73,0,0,0,1.79
5/14/19,47,67,0,0,0,4.92
5/21/19,63,85,0,0,0,5.82
7/7/19,75,93,0.21,0,0,6.04
7/14/19,72,96,0,0,0,3.36
7/17/19,76,98,0.03,0,0,8.95
7/21/19,73,99,0,0,0,9.62
7/30/19,68,94,0,0,0,6.26
8/10/19,71,91,0,0,0,3.58
8/16/19,70,88,0.64,0,0,3.13
9/12/19,71,96,0,0,0,4.03
2/26/20,48,64,0,0,0,6.93
3/22/20,46,58,0.03,0,0,10.96
4/10/20,42,60,0,0,0,8.28
6/21/20,62,89,0,0,0,2.24
6/22/20,70,91,0,0,0,7.83
7/2/20,70,90,0,0,0,5.37
7/17/20,73,95,0.96,0,0,6.26
12/31/20,41,55,0.41,0,0,3.36
2/3/21,31,50,0,0,0,8.05
3/4/21,34,67,0,0,0,4.7
3/10/21,40,76,0,0,0,5.82
3/24/21,55,68,0.07,0,0,4.7
4/7/21,50,86,0,0,0,2.24
5/11/21,52,70,0,0,0,4.7
5/13/21,37,71,0,0,0,4.03
5/14/21,41,73,0,0,0,3.13
1/8/17,15,27,0,0,1.2,4.92
4/7/17,43,59,0,0,0,11.86
4/11/17,55,82,0,0,0,10.51
4/25/17,58,70,2.17,0,0,6.93
5/23/17,67,71,0.69,0,0,4.47
6/4/17,61,90,0.38,0,0,5.82
6/15/17,70,91,0,0,0,3.36
7/2/17,71,92,0,0,0,4.47
7/5/17,70,89,0.47,0,0,2.46
7/20/17,71,99,0,0,0,3.8
9/4/17,59,87,0,0,0,3.58
9/13/17,61,84,0,0,0,6.71
10/23/17,61,76,1.12,0,0,10.74
10/30/17,36,59,0,0,0,6.93
11/26/17,33,62,0,0,0,2.91
12/3/17,42,64,0,0,0,2.46
12/26/17,27,43,0,0,0,2.24
12/28/17,18,30,0,0,0,7.83
12/29/17,15,42,0,0,0,2.01
12/30/17,27,52,0,0,0,4.92
1/17/18,23,38,0.49,5.9,0,5.82
2/20/18,50,72,0,0,0,3.36
7/1/18,73,95,0.48,0,0,5.82
3/10/19,47,68,0.04,0,0,9.4
3/20/19,32,53,0.05,0,0,6.71
6/13/19,61,79,0.35,0,0,7.61
6/27/19,67,93,0,0,0,3.36
8/18/19,70,92,0,0,0,2.91
8/22/19,71,95,0.34,0,0,6.71
12/12/19,28,45,0,0,0,6.93
1/13/20,63,67,0.46,0,0,5.37
1/25/20,39,59,0.55,0,0,5.14
3/27/20,52,81,0,0,0,8.5
5/21/20,59,70,0.67,0,0,12.08
8/1/20,75,94,0,0,0,6.26
11/10/20,54,79,0,0,0,4.03
11/25/20,37,67,0,0,0,6.93
12/12/20,44,65,0,0,0,6.71
3/29/21,43,63,0,0,0,4.7
4/16/21,38,69,0,0,0,4.92
4/19/21,47,66,0.01,0,0,4.7
1/3/17,47,56,0.31,0,0,5.37
4/21/21,42,77,0,0,0,10.74
1/10/17,24,48,0,0,1.2,5.14
5/1/21,49,74,0,0,0,4.25
1/18/17,45,70,0,0,0,6.49
5/5/21,63,85,0,0,0,10.07
3/9/17,37,75,0,0,0,6.04
6/28/21,67,90,0,0,0,4.92
6/8/17,55,73,0,0,0,7.38
7/9/21,70,91,0.52,0,0,6.26
8/17/17,75,94,0.24,0,0,4.92
8/2/21,69,85,0,0,0,7.16
8/25/17,68,85,0,0,0,5.14
8/17/21,73,86,0.08,0,0,6.04
9/14/17,64,83,0,0,0,6.04
9/2/21,58,81,0,0,0,6.71
9/16/17,62,85,0,0,0,3.8
9/26/21,51,78,0,0,0,2.91
9/17/17,63,85,0,0,0,5.59
9/29/21,60,84,0,0,0,4.25
9/23/17,61,87,0,0,0,4.47
10/17/21,45,66,0,0,0,4.25
10/5/17,54,85,0,0,0,3.13
10/24/21,48,78,0,0,0,4.25
11/11/17,28,46,0,0,0,5.14
10/28/21,47,72,0.28,0,0,6.93
11/25/17,29,67,0,0,0,4.92
11/29/21,27,49,0,0,0,4.03
11/28/17,29,65,0,0,0,2.24
1/17/22,33,42,0,0,0,13
1/11/18,41,64,0.11,0,0,6.71
2/8/22,33,50,0,0,0,2.9
3/8/18,27,47,0,0,0,4.47
2/15/22,23,53,0,0,0,3.8
3/9/18,25,52,0,0,0,6.04
4/6/22,61,81,0,0,0,9.2
3/23/18,27,56,0,0,0,3.8
5/27/22,68,81,1.12,0,0,10.7
3/27/18,34,49,0.01,0,0,5.37
4/3/18,45,75,0,0,0,7.61
5/2/18,53,85,0,0,0,10.07
6/11/18,64,85,0.31,0,0,8.72
7/5/18,72,95,0.03,0,0,4.92
8/22/18,70,88,0.01,0,0,6.71
9/16/18,73,76,0.9,0,0,14.99
11/12/18,35,48,3.17,0,0,5.14
12/18/18,34,53,0,0,0,2.01
1/30/19,21,44,0,0,0,8.28
3/29/19,45,74,0,0,0,8.28
4/24/19,58,84,0,0,0,4.92
6/5/19,68,88,0.29,0,0,10.51
8/6/19,65,90,0.16,0,0,4.92
6/20/20,64,84,0,0,0,3.13
7/31/20,77,92,0,0,0,8.95
8/11/20,71,90,0,0,0,4.7
10/5/20,47,74,0,0,0,2.91
12/1/20,32,47,0,0,0,8.95
1/11/21,27,48,0.05,0,0,1.57
4/8/21,53,83,0,0,0,5.37
4/24/21,44,61,0.27,0,0,6.26
4/28/21,61,85,0,0,0,11.41
5/9/21,49,83,0,0,0,13.87
9/6/21,66,84,0,0,0,5.14
10/21/21,48,79,0,0,0,8.28
11/9/21,38,77,0,0,0,2.91
1/22/22,19,35,0.06,0.79,2,3.8
2/19/22,28,60,0,0,0,5.6
3/17/22,55,70,0.55,0,0,5.1
2/27/20,36,50,0,0,0,9.4
4/1/20,44,59,0,0,0,6.04
7/4/20,68,94,0.07,0,0,3.36
8/7/20,72,89,0.01,0,0,4.7
2/8/17,54,74,0.09,0,0,5.82
2/24/17,47,80,0,0,0,3.58
5/20/17,67,90,0,0,0,7.38
6/2/17,61,85,0,0,0,3.8
7/11/17,71,95,0,0,0,6.93
8/4/17,68,92,0,0,0,7.16
8/13/17,73,81,0.73,0,0,6.26
9/22/17,61,89,0,0,0,2.24
9/25/17,63,83,0,0,0,6.71
10/20/17,43,77,0,0,0,2.01
10/21/17,48,79,0,0,0,2.01
10/31/17,39,69,0,0,0,1.79
11/23/17,29,50,0,0,0,2.68
3/17/18,34,71,0.27,0,0,6.26
4/19/18,45,76,0,0,0,10.96
4/22/18,42,70,0,0,0,5.59
5/9/18,50,79,0,0,0,4.7
5/12/18,67,92,0,0,0,6.26
6/14/18,70,91,0,0,0,4.47
7/9/18,57,87,0,0,0,3.58
7/15/18,68,95,0,0,0,6.04
7/28/18,71,91,0.84,0,0,4.25
7/29/18,70,88,0.07,0,0,4.25
8/25/18,59,83,0,0,0,2.68
8/29/18,72,94,0,0,0,7.38
9/27/18,70,79,0.21,0,0,4.25
11/25/18,42,59,0,0,0,3.8
12/1/18,52,62,0.32,0,0,5.14
12/15/18,42,49,0.23,0,0,3.58
1/18/19,39,59,0,0,0,4.92
1/24/19,35,65,0.73,0,0,11.41
1/28/19,37,50,0,0,0,5.82
1/29/19,31,54,0.16,0,0,8.95
2/11/19,36,46,0.15,0,0,3.58
2/22/19,40,53,0.69,0,0,7.38
3/13/19,32,64,0,0,0,4.7
4/29/19,54,69,0,0,0,7.61
8/26/19,61,79,0,0,0,6.49
9/22/19,63,90,0,0,0,7.61
10/10/19,53,75,0,0,0,4.7
1/20/20,26,39,0,0,0,5.82
2/11/20,61,71,0.42,0,0,12.3
4/9/20,57,80,0.09,0,0,10.07
4/14/20,52,74,0,0,0,6.71
5/17/20,60,86,0,0,0,7.16
7/12/20,67,93,0,0,0,3.36
7/15/20,71,94,0,0,0,4.7
9/9/20,72,82,0.03,0,0,7.38
11/12/20,59,71,2.94,0,0,6.04
11/18/20,31,52,0,0,0,2.91
11/28/20,41,67,0,0,0,1.34
1/15/21,33,57,0.24,0,0,6.04
2/12/21,32,37,0.05,0,0,9.62
5/18/21,57,76,0,0,0,3.58
6/30/21,73,92,0,0,0,8.72
7/16/21,73,93,0,0,0,6.71
7/27/21,71,93,0,0,0,4.92
8/4/21,66,81,0.03,0,0,8.05
8/11/21,74,97,0,0,0,7.61
8/18/21,76,91,0.1,0,0,9.4
9/1/21,68,88,0.21,0,0,13.65
9/18/21,71,86,0,0,0,2.46
9/23/21,54,78,0,0,0,3.58
11/12/21,46,71,0,0,0,5.14
12/4/21,44,73,0,0,0,3.58
1/26/22,28,42,0,0,0,8.5
1/15/17,40,57,0.02,0,0,5.82
1/21/17,51,55,0.38,0,0,3.58
2/9/17,32,60,0.11,0,0,10.96
3/28/17,60,80,0.06,0,0,7.61
4/8/17,34,67,0,0,0,3.13
5/9/17,43,64,0.01,0,0,1.79
7/23/17,71,102,0.56,0,0,8.95
11/3/17,52,81,0,0,0,2.01
12/2/17,45,51,0,0,0,2.91
12/5/17,41,69,0,0,0,4.7
12/8/17,32,43,1.33,0.3,0,5.82
2/11/18,64,72,0,0,0,14.99
2/14/18,37,58,0,0,0,6.49
5/6/18,62,85,0.16,0,0,3.58
10/29/18,39,65,0,0,0,5.14
1/20/19,26,59,0.61,0,0,12.3
3/23/19,35,62,0,0,0,6.04
4/1/19,34,53,0,0,0,5.82
7/9/19,73,85,0,0,0,6.26
7/26/19,65,87,0,0,0,3.8
8/4/19,68,89,0.16,0,0,1.79
11/27/19,49,64,0.2,0,0,8.28
1/10/20,41,65,0,0,0,4.47
2/14/20,34,52,0,0,0,6.26
6/25/20,71,86,0,0,0,7.16
8/9/20,70,92,0.02,0,0,3.36
8/30/20,69,88,0,0,0,2.68
12/19/20,26,49,0,0,0,2.91
1/3/21,44,55,0.93,0,0,3.13
5/6/21,49,68,0,0,0,4.25
5/28/21,68,92,0.02,0,0,9.17
6/11/21,72,89,0.11,0,0,6.49
6/20/21,71,82,1.45,0,0,6.49
7/1/21,72,91,0.18,0,0,13.65
8/5/21,62,86,0,0,0,4.47
8/7/21,67,78,0.32,0,0,2.24
8/21/21,72,88,0,0,0,2.91
9/21/21,67,80,0.31,0,0,7.61
9/24/21,51,76,0,0,0,3.36
10/2/21,58,85,0,0,0,5.59
11/16/21,30,67,0,0,0,3.36
11/18/21,52,76,0,0,,9.84
11/25/21,29,63,0,0,0,6.49
12/5/21,42,62,0,0,0,5.37
12/27/21,45,66,0,0,0,3.13
1/9/22,37,66,0.62,0,0,9.2
1/21/22,22,30,0.15,1.5,2,10.7
3/7/22,63,82,0.11,0,0,18.3
4/4/22,38,68,0,0,0,6.3
4/5/22,52,76,0.36,0,0,8.5
5/22/22,69,90,0,0,0,8.9
12/16/19,40,70,0,0,0,7.61
12/18/19,34,48,0,0,0,6.26
1/30/20,32,51,0,0,0,5.82
2/4/20,57,69,0,0,0,10.07
5/30/21,52,63,0.01,0,0,7.16
6/6/21,68,90,0,0,0,6.71
7/10/21,70,92,0,0,0,2.91
7/25/21,70,89,0,0,0,9.62
8/26/21,73,93,0,0,0,5.14
10/4/21,65,88,0.47,0,0,6.26
10/12/21,59,71,0,0,0,2.68
10/13/21,57,82,0,0,0,1.34
2/12/22,44,73,0,0,0,8.3
3/21/22,34,71,0,0,0,4.3
3/29/22,30,55,0,0,0,3.8
3/31/22,65,73,0.72,0,0,16.1
4/20/22,34,66,0,0,0,2.9
5/5/22,62,76,0,0,0,8.5
5/13/22,63,78,0,0,0,6.9
3/1/17,59,79,0.97,0,0,17.22
4/24/17,53,60,4.51,0,0,10.96
5/24/17,65,74,0.29,0,0,5.82
7/6/17,68,93,0,0,0,5.82
7/29/17,70,82,0.01,0,0,8.5
8/6/17,65,90,0,0,0,7.61
10/25/17,42,66,0,0,0,3.8
11/30/17,35,69,0,0,0,1.12
1/21/18,31,68,0,0,0,1.12
2/12/18,42,65,0.08,0,0,9.84
3/31/18,40,64,0,0,0,5.82
5/21/18,68,86,0.72,0,0,4.7
5/29/18,69,82,0.62,0,0,4.47
6/5/18,57,82,0,0,0,3.13
7/4/18,72,93,0,0,0,5.37
9/3/18,69,91,0,0,0,1.12
10/14/18,49,65,0,0,0,3.58
11/28/18,25,42,0,0,0,6.71
1/14/19,31,41,0,0,0,3.58
2/9/19,33,46,0,0,0,6.04
3/24/19,32,71,0,0,0,7.61
6/17/19,72,93,0,0,0,9.84
8/24/19,64,72,0.32,0,0,6.49
9/9/19,71,86,0,0,0,2.91
11/18/19,41,47,0.24,0,0,4.7
11/20/19,38,61,0,0,0,2.91
12/20/19,25,56,0,0,0,3.36
12/30/19,49,76,0,0,0,14.76
6/17/20,61,76,0.1,0,0,4.03
8/19/20,66,87,1.07,0,0,3.58
11/2/20,35,54,0,0,0,7.38
4/18/21,48,71,0,0,0,2.46
5/20/21,53,88,0,0,0,3.13
8/1/21,75,91,0,0,0,4.03
8/24/21,72,94,0,0,0,2.46
9/16/21,70,85,0,0,0,4.03
11/7/21,40,60,0,0,0,7.83
1/24/22,27,52,0,0,0,4.3
4/15/22,54,75,0.03,0,0,5.4
5/14/22,64,80,0,0,0,2.5
11/1/18,55,75,0.11,0,0,10.29
11/27/18,31,48,0,0,0,6.71
1/6/19,39,65,0,0,0,2.68
2/23/19,39,42,1.02,0,0,5.14
3/4/19,34,50,0.01,0,0,4.92
5/22/19,62,80,0,0,0,6.04
5/28/19,67,96,0,0,0,6.04
9/27/19,68,88,0,0,0,8.05
11/5/19,45,73,0,0,0,1.12
11/23/19,47,60,0.76,0,0,7.61
2/3/20,42,74,0,0,0,7.38
2/28/20,27,53,0.01,0,0,7.61
2/29/20,29,47,0,0,0,6.71
9/28/20,63,83,0.01,0,0,6.93
9/30/20,53,72,0,0,0,5.59
11/8/20,52,79,0,0,0,4.47
1/13/21,26,57,0,0,0,2.91
3/17/21,43,59,0,0,0,4.25
1/28/17,27,52,0,0,0,9.4
5/29/21,54,85,0.06,0,0,9.17
5/23/18,69,87,0,0,0,6.93
7/17/18,72,98,0.1,0,0,8.5
7/27/18,73,95,0,0,0,6.93
8/15/18,68,90,0,0,0,2.24
1/2/19,47,54,0.01,0,0,5.14
1/4/19,46,60,0.54,0,0,7.16
1/9/19,37,57,0,0,0,9.4
2/15/19,49,67,0,0,0,10.51
2/20/19,32,37,0.39,0,0,7.61
4/28/19,56,82,0,0,0,9.4
5/25/19,71,92,0,0,0,6.71
8/12/19,68,90,0,0,0,4.47
9/19/19,54,75,0,0,0,6.93
10/1/19,67,89,0,0,0,3.58
10/2/19,69,96,0,0,0,4.92
10/14/19,50,78,0,0,0,3.36
10/15/19,46,77,0,0,0,2.24
11/19/19,41,56,0,0,0,2.01
12/8/19,26,52,0.11,0,0,3.58
12/14/19,43,55,0.09,0,0,6.71
1/6/20,30,60,0,0,0,3.13
3/3/20,53,63,0.21,0,0,10.74
3/20/20,66,86,0,0,0,13.87
4/4/20,39,71,0,0,0,3.8
5/1/20,53,66,0.02,0,0,7.16
11/13/20,51,67,0,0,0,3.58
11/24/20,32,55,0,0,0,1.34
1/18/21,30,50,0,0,0,5.37
1/29/21,25,39,0,0,0,4.03
3/3/21,34,63,0,0,0,1.34
3/11/21,47,76,0,0,0,11.41
6/5/21,67,89,0,0,0,2.68
8/22/21,70,92,0.35,0,0,2.68
12/24/21,35,63,0,0,0,11.63
12/29/21,61,73,0.02,0,0,11.86
3/26/22,44,62,0,0,0,8.1
3/30/22,40,75,0,0,0,8.1
4/26/22,60,88,0.06,0,0,8.7
12/31/19,39,59,0,0,0,6.04
1/11/20,57,72,0.02,0,0,12.97
3/14/20,51,69,0,0,0,5.37
3/17/20,50,63,0,0,0,5.59
4/29/20,59,81,0,0,0,15.21
5/23/20,61,85,0,0,0,4.47
6/5/20,71,88,0,0,0,8.28
7/19/20,72,95,0,0,0,7.16
8/27/20,71,93,0,0,0,7.16
9/1/20,73,82,0.01,0,0,2.01
10/21/20,63,83,0,0,0,2.46
10/23/20,57,80,0,0,0,1.12
11/17/20,35,62,0,0,0,5.82
2/25/21,41,67,0,0,0,6.04
4/30/21,63,79,0,0,0,10.51
5/15/21,40,76,0,0,0,2.01
6/14/21,67,90,0,0,0,5.37
7/19/21,67,76,0.52,0,0,3.8
8/15/21,70,88,0.15,0,0,1.79
10/7/21,66,77,0,0,0,8.95
10/14/21,60,84,0,0,0,2.01
10/22/21,54,78,0.01,0,0,5.82
12/13/21,27,60,0,0,0,2.01
12/22/21,37,58,0,0,0,4.7
1/4/22,26,44,0,0,0,3.4
2/17/22,53,75,0,0,0,13.2
3/12/22,28,60,1.01,0,0,10.3
5/6/22,62,85,0.97,0,0,7.8
5/9/22,44,71,0,0,0,7.2
5/15/22,61,86,0,0,0,5.4
5/31/22,68,92,0,0,0,4
2/18/17,37,73,0,0,0,7.61
6/6/17,64,83,0,0,0,3.8
6/22/17,71,84,0,0,0,8.05
4/6/17,50,70,0.09,0,0,15.21
5/19/17,68,89,0,0,0,8.05
6/1/17,62,85,0,0,0,1.57
6/14/17,66,93,0,0,0,5.82
9/30/17,54,77,0,0,0,7.83
11/16/17,36,67,0,0,0,3.13
8/3/17,68,94,0,0,0,3.8
1/8/18,16,47,0,0,0,5.37
1/12/18,56,71,0.5,0,0,11.41
2/18/18,39,61,0.02,0,0,5.14
2/23/18,52,70,0,0,0,4.92
2/26/18,40,63,0.09,0,0,4.25
2/1/18,31,62,0,0,0,13.2
2/13/18,37,44,0,0,0,8.72
2/21/18,63,77,0,0,0,8.95
5/4/18,60,85,0,0,0,12.97
6/10/18,67,91,0.2,0,0,4.47
6/1/18,69,92,0,0,0,5.59
6/25/18,72,88,0.02,0,0,4.25
8/8/18,69,94,0.46,0,0,6.49
9/2/18,69,90,0,0,0,2.24
9/4/18,72,92,0.01,0,0,2.91
10/20/18,54,67,0.21,0,0,8.05
10/26/18,42,52,1.58,0,0,8.05
11/13/18,44,51,1.19,0,0,2.91
11/19/18,43,65,0,0,0,3.36
2/13/19,39,57,0,0,0,10.07
3/6/19,27,42,0,0,0,5.59
4/5/19,54,60,0.54,0,0,6.93
7/28/19,63,90,0,0,0,2.68
8/11/19,69,88,0,0,0,6.49
8/23/19,71,92,0.28,0,0,6.93
9/4/19,70,88,0,0,0,3.58
9/14/19,69,83,0,0,0,3.8
10/9/19,56,72,0,0,0,6.49
10/11/19,50,80,0,0,0,2.91
10/28/19,53,75,0,0,0,5.37
11/17/19,40,53,0,0,0,10.96
2/7/20,35,61,0.26,0,0,15.88
2/15/20,26,45,0,0,0,5.59
2/19/20,37,57,0.16,0,0,5.59
5/4/20,57,80,0,0,0,6.04
7/5/20,70,92,0.4,0,0,4.25
7/7/20,71,87,0,0,0,5.14
7/21/20,74,97,0,0,0,9.17
7/26/20,73,95,0,0,0,7.61
10/1/20,53,81,0,0,0,3.8
10/2/20,49,71,0,0,0,5.37
10/12/20,64,73,0,0,0,2.91
10/22/20,59,81,0,0,0,2.68
12/7/20,35,44,0.35,0,0,4.92
12/26/20,20,41,0,0,0,4.92
1/14/21,37,55,0,0,0,4.7
1/21/21,31,54,0.01,0,0,3.58
2/9/21,38,65,0,0,0,2.01
2/24/21,34,72,0,0,0,7.38
3/19/21,37,57,0.1,0,0,11.18
4/1/21,37,61,0,0,0,8.95
4/11/21,59,79,0.2,0,0,9.84
4/27/21,51,84,0,0,0,10.96
5/22/21,52,89,0,0,0,3.13
6/10/21,71,86,1,0,0,5.82
6/22/21,64,79,1.03,0,0,8.5
10/8/21,67,75,0.02,0,0,6.26
11/20/21,26,54,0,0,0,2.68
3/1/22,32,68,0,0,0,4
4/18/22,41,56,1.39,0,0,
4/27/22,50,72,0,0,0,5.4
8/6/18,72,92,0.05,0,0,2.91
6/11/19,61,81,0.02,0,0,6.26
6/15/19,51,83,0,0,0,6.93
7/31/19,69,95,0.24,0,0,3.36
8/13/19,73,96,0.56,0,0,7.61
9/7/19,63,90,0,0,0,3.58
10/17/19,45,66,0,0,0,8.28
12/28/19,48,71,0,0,0,1.79
2/17/20,37,59,0,0,0,5.14
3/26/20,47,61,0,0,0,5.14
4/23/20,55,66,0.1,0,0,7.83
8/29/20,77,87,0.03,0,0,11.86
9/11/20,73,88,0.05,0,0,4.92
10/13/20,54,82,0,0,0,3.58
10/30/20,48,74,0.28,0,0,6.49
12/28/20,31,61,0,0,0,5.37
1/20/21,31,54,0,0,0,6.04
4/4/21,36,74,0,0,0,5.37
4/10/21,57,79,0.24,0,0,8.95
8/6/21,61,87,0.39,0,0,2.91
8/12/21,74,98,0,0,0,6.71
11/11/21,45,75,0.02,0,0,5.82
11/19/21,33,59,0,0,0,5.59
12/14/21,28,61,0,0,0,3.58
12/18/21,59,71,0.02,0,0,9.4
2/16/22,33,67,0,0,0,8.3
3/13/22,23,52,0,0,0,8.3
4/11/22,43,82,0,0,0,7.4
1/14/17,42,55,0,0,0,6.71
2/27/17,35,66,0,0,0,5.37
3/5/17,30,53,0,0,0,6.26
3/12/17,30,48,0.03,0.3,0,4.92
3/18/17,44,64,0.5,0,0,7.83
6/21/17,66,85,0.2,0,0,6.71
7/26/17,72,90,0,0,0,5.82
8/26/17,68,83,0,0,0,8.05
8/28/17,62,78,0.03,0,0,11.41
11/10/17,35,58,0,0,0,6.71
12/22/17,36,61,0,0,0,3.58
12/23/17,48,71,0,0,0,12.08
1/2/18,12,32,0,0,0,2.91
1/6/18,12,27,0,0,0,4.03
1/31/18,19,47,0,0,0,5.82
2/22/18,61,78,0,0,0,9.84
4/16/18,41,64,0,0,0,14.76
4/23/18,52,66,0.01,0,0,11.18
4/28/18,50,78,0,0,0,5.82
5/5/18,63,82,0,0,0,7.83
5/8/18,53,77,0,0,0,7.83
5/20/18,69,86,0,0,0,8.05
6/13/18,67,85,0,0,0,6.04
8/16/18,68,92,0,0,0,2.91
9/9/18,67,80,0.15,0,0,5.37
12/11/18,27,44,0,0,2,3.8
12/13/18,29,51,0,0,0,2.24
12/23/18,28,57,0.01,0,0,5.14
2/17/19,34,40,0.24,0,0,4.47
4/6/19,53,67,0,0,0,3.8
6/16/19,66,89,0,0,0,11.41
6/21/19,65,85,0,0,0,7.61
7/5/19,70,91,0.31,0,0,4.7
7/10/19,72,91,0,0,0,5.82
8/7/19,72,91,0.14,0,0,6.49
8/25/19,63,76,0.04,0,0,6.49
9/2/19,70,90,0,0,0,3.8
9/6/19,69,87,0.1,0,0,7.61
11/25/19,32,62,0,0,0,2.24
12/15/19,35,61,0,0,0,4.7
12/25/19,32,58,0,0,0,2.46
1/7/20,30,52,0.07,0,0,5.14
1/17/20,36,47,0,0,0,6.93
3/24/20,50,55,0.27,0,0,5.37
4/8/20,58,83,0.43,0,0,6.71
4/22/20,41,71,0,0,0,4.92
4/25/20,55,61,0.01,0,0,8.28
5/16/20,60,89,0,0,0,6.93
6/1/20,54,77,0,0,0,4.47
6/18/20,59,80,0,0,0,5.14
7/8/20,74,89,0,0,0,7.38
7/9/20,73,90,0,0,0,7.38
9/4/20,73,92,0,0,0,2.91
12/10/20,31,61,0,0,0,2.91
12/24/20,49,65,1.76,0,0,10.51
1/16/21,33,46,0,0,0,7.61
2/14/21,33,37,0.41,0,0,8.05
2/17/21,28,47,0,0,0,7.61
3/7/21,29,52,0,0,0,4.03
3/20/21,31,57,0,0,0,10.51
3/23/21,50,62,0,0,0,7.16
4/2/21,32,49,0,0,0,5.82
4/20/21,42,75,0,0,0,7.38
5/21/21,57,83,0,0,0,6.71
5/23/21,64,92,0,0,0,2.91
9/10/21,57,80,0,0,0,3.13
9/13/21,64,90,0,0,0,4.03
9/30/21,60,82,0,0,0,3.8
10/3/21,62,87,0,0,0,8.72
10/26/21,47,70,0,0,0,6.93
12/21/21,30,41,0.27,0,0,4.03
1/29/22,25,36,0.05,0.39,0,8.7
3/15/22,39,71,0,0,0,4.7
1/17/17,47,62,0.04,0,0,8.28
2/13/17,37,64,0,0,0,7.16
2/15/17,39,56,0.34,0,0,5.37
3/19/17,36,57,0,0,0,7.16
3/21/17,50,82,0.2,0,0,5.82
4/19/17,55,69,0,0,0,3.58
4/29/17,72,89,0,0,0,10.07
5/14/17,49,81,0,0,0,7.16
7/7/17,73,91,0,0,0,8.95
7/9/17,69,88,0,0,0,3.36
9/10/17,51,71,0,0,0,8.95
11/15/17,33,54,0,0,0,3.58
11/17/17,34,57,0,0,0,2.91
12/16/17,24,50,0,0,0,3.58
12/19/17,36,70,0,0,0,4.47
2/4/18,33,56,0.61,0,0,6.49
4/2/18,51,81,0,0,0,9.84
4/29/18,44,66,0,0,0,5.82
5/19/18,69,75,0.59,0,0,8.5
6/9/18,68,89,0,0,0,2.68
7/11/18,67,96,0.05,0,0,3.8
8/28/18,71,94,0,0,0,6.04
9/23/18,64,76,0,0,0,5.37
10/2/18,61,83,0,0,0,3.8
10/5/18,68,90,0,0,0,3.8
11/3/18,39,61,0,0,0,5.82
11/11/18,28,51,0,0,0,4.03
12/31/18,47,67,0.13,0,0,8.05
1/8/19,46,67,0,0,0,9.17
2/6/19,47,77,0,0,0,7.16
2/8/19,45,75,0,0,0,9.17
3/28/19,32,66,0,0,0,3.58
6/14/19,53,79,0,0,0,4.03
7/19/19,74,98,0,0,0,6.93
8/19/19,72,95,0,0,0,6.26
8/28/19,69,88,0,0,0,2.91
10/22/19,57,77,0.18,0,0,6.04
11/30/19,46,50,0.25,0,0,4.03
5/5/17,56,78,1.48,0,0,15.88
5/31/17,68,86,0,0,0,4.7
6/7/17,59,77,0,0,0,10.29
6/19/17,70,92,0.09,0,0,11.86
9/7/17,53,76,0,0,0,2.91
9/26/17,69,85,0,0,0,7.61
10/1/17,48,71,0,0,0,7.16
10/16/17,51,69,0.25,0,0,5.82
10/22/17,51,79,0,0,0,3.13
11/1/17,46,73,0,0,0,4.25
11/7/17,44,63,0.1,0,0,6.49
12/13/17,21,43,0,0,0,8.72
1/5/18,12,31,0,0,0,5.59
1/18/18,10,34,0,0.2,5.9,5.59
3/19/18,44,65,0,0,0,5.59
3/28/18,43,76,0,0,0,10.74
4/7/18,33,62,0.99,0,0,8.05
5/16/18,68,85,0.76,0,0,6.71
5/31/18,71,88,0,0,0,7.16
6/22/18,71,95,0,0,0,6.04
8/5/18,72,93,0,0,0,3.36
10/6/18,68,82,0,0,0,3.58
11/7/18,49,73,0,0,0,1.34
4/8/19,57,81,1.98,0,0,8.5
4/12/19,59,69,0.65,0,0,9.17
4/23/19,46,81,0,0,0,7.38
4/30/19,60,86,0,0,0,8.5
9/1/19,63,86,0,0,0,5.59
6/29/20,72,91,0,0,0,4.03
10/10/20,62,75,0.7,0,0,2.46
10/24/20,60,83,0,0,0,3.36
10/25/20,51,68,0.1,0,0,8.05
11/16/20,43,63,0,0,0,4.03
4/25/21,47,70,0.02,0,0,5.59
5/2/21,51,84,0,0,0,10.96
5/10/21,60,81,0.37,0,0,10.07
5/12/21,41,57,0.09,0,0,6.04
6/27/21,70,89,0,0,0,4.92
7/14/21,69,90,0.02,0,0,6.26
7/18/21,71,87,0.17,0,0,7.83
8/9/21,69,93,0,0,0,5.59
8/13/21,76,100,0,0,0,8.72
11/4/21,39,48,0.07,0,0,4.7
11/6/21,38,54,0,0,0,12.08
11/24/21,24,53,0,0,0,1.57
11/26/21,35,54,0.14,0,0,6.26
12/31/21,61,74,0,0,0,4.9
3/2/22,42,76,0,0,0,5.1
3/8/22,49,63,0.39,0,0,5.8
5/1/22,50,83,0.82,0,0,6.3
5/2/22,64,84,0,0,0,6.7
5/17/22,53,84,0,0,0,4.5
1/31/19,18,39,0,0,0,4.92
3/30/19,53,76,0,0,0,10.74
3/31/19,44,65,0.01,0,0,9.17
4/15/19,47,71,0.05,0,0,10.51
4/27/19,45,74,0,0,0,8.05
9/11/19,68,92,0,0,0,3.8
12/9/19,43,61,0,0,0,7.16
1/4/20,43,65,0.45,0,0,9.17
2/20/20,33,43,0.47,2.5,0,6.49
5/24/20,62,87,0.12,0,0,4.7
6/6/20,72,90,0,0,0,6.04
6/12/20,68,85,0,0,0,6.04
7/27/20,74,96,0,0,0,7.16
8/22/20,73,86,0.01,0,0,5.14
9/20/20,51,70,0,0,0,9.62
9/22/20,44,72,0,0,0,2.46
9/24/20,58,72,0.11,0,0,2.24
12/22/20,32,56,0,0,0,6.26
1/4/21,34,49,0,0,0,1.12
2/13/21,32,35,0.77,0,0,7.61
3/21/21,41,67,0,0,0,11.86
4/12/21,49,79,0,0,0,4.25
2/23/22,55,71,0.09,0,0,4.9
4/14/22,67,82,0,0,0,12.3
2/23/17,50,77,0,0,0,3.36
3/7/17,49,74,0,0,0,13.87
6/13/17,67,89,0,0,0,8.05
6/27/17,59,83,0,0,0,3.8
7/4/17,71,92,0.84,0,0,3.8
8/16/17,74,92,0,0,0,4.03
10/19/17,42,76,0,0,0,1.12
12/10/17,27,43,0,0,0,5.82
1/25/18,26,49,0,0,0,3.13
2/10/18,43,65,0.08,0,0,4.47
5/7/18,55,74,0,0,0,7.61
7/14/18,65,89,0,0,0,4.03
8/14/18,65,86,0.12,0,0,2.46
1/26/19,22,51,0,0,0,2.46
1/27/19,26,53,0,0,0,2.91
2/1/19,27,58,0,0,0,5.37
2/14/19,29,64,0,0,0,4.7
4/18/19,61,80,0,0,0,11.41
5/31/19,64,91,0.67,0,0,2.46
6/1/19,61,84,0,0,0,2.91
6/7/19,71,78,0.53,0,0,4.7
8/21/19,71,91,0.12,0,0,11.18
10/8/19,59,71,0.01,0,0,8.5
10/13/19,59,75,0.39,0,0,2.91
10/31/19,55,85,0.23,0,0,14.09
11/6/19,48,65,0,0,0,5.82
7/18/20,72,94,0,0,0,4.47
8/2/20,75,94,0,0,0,11.41
9/17/20,68,73,2.08,0,0,8.28
10/11/20,64,68,0.79,0,0,8.28
10/14/20,51,76,0,0,0,2.24
12/4/20,39,65,0.31,0,0,8.95
2/10/21,40,50,0,0,0,6.71
4/5/21,42,76,0,0,0,2.91
7/2/21,66,79,1.08,0,0,5.59
7/7/21,70,91,0,0,0,8.72
7/11/21,73,91,0,0,0,6.71
1/20/17,46,59,0.09,0,0,2.91
1/30/17,30,46,0,0,0,6.26
2/6/17,31,68,0,0,0,4.7
2/10/17,26,51,0,0,0,6.71
3/23/17,31,56,0,0,0,7.38
4/1/17,49,75,0,0,0,6.04
1/27/18,31,67,0,0,0,6.26
4/26/18,48,75,0.18,0,0,3.36
11/6/18,57,74,0.03,0,0,7.38
11/29/18,25,51,0,0,0,3.13
2/16/19,34,58,0.45,0,0,8.05
2/19/19,33,45,0.25,0,0,5.37
2/24/19,41,65,0.05,0,0,8.72
3/19/19,33,55,0,0,0,6.26
3/26/19,39,56,0.06,0,0,10.07
5/27/19,68,89,0,0,0,3.13
6/9/19,70,80,0.09,0,0,6.93
6/10/19,72,87,0.14,0,0,6.49
11/8/19,33,58,0.1,0,0,7.61
11/9/19,27,52,0,0,0,2.68
11/10/19,29,65,0,0,0,5.82
1/31/20,28,47,0.6,0,0,4.47
2/24/20,46,54,0.18,0,0,6.93
7/13/20,68,92,0.08,0,0,4.47
3/24/17,37,71,0,0,0,9.62
5/7/17,45,69,0,0,0,5.82
7/12/17,75,94,0,0,0,8.72
8/24/17,71,84,0,0,0,6.04
11/14/17,43,52,0,0,0,8.72
1/4/18,18,30,0,0,1.2,9.62
1/10/18,43,61,0,0,0,4.92
1/30/18,25,40,0.04,0,0,6.93
5/28/18,69,76,0.28,0,0,6.26
6/28/18,68,90,0,0,0,4.92
8/19/18,68,88,1.83,0,0,6.71
9/7/18,71,92,0.03,0,0,2.68
10/22/18,34,62,0,0,0,3.8
11/22/18,33,50,0,0,0,5.59
2/25/19,37,59,0,0,0,7.83
3/3/19,42,50,0.81,0,0,6.93
3/9/19,41,48,0.01,0,0,5.82
5/6/19,60,77,0,0,0,5.82
5/30/19,65,96,0,0,0,6.93
7/8/19,74,92,0.17,0,0,4.7
1/22/20,24,46,0,0,0,6.26
3/12/20,51,73,0,0,0,4.92
3/31/20,46,62,0.23,0,0,9.62
4/5/20,47,73,0,0,0,4.47
4/15/20,40,57,0.14,0,0,7.61
7/1/20,69,90,0,0,0,3.58
7/14/20,68,95,0,0,0,2.91
7/16/20,74,94,0,0,0,5.59
8/3/20,71,84,1.01,0,0,5.59
9/2/20,72,92,0,0,0,4.47
11/20/20,31,69,0,0,0,4.03
12/6/20,28,55,0,0,0,2.24
12/13/20,50,69,0.07,0,0,3.8
1/9/21,28,50,0,0,0,2.91
2/11/21,37,49,0.83,0,0,6.26
3/14/21,43,72,0,0,0,4.03
4/9/21,60,83,0.07,0,0,5.82
6/3/21,68,79,2.04,0,0,6.26
8/30/21,72,96,0,0,0,4.92
12/26/21,47,73,0,0,0,3.13
1/25/22,35,61,0,0,0,2.9
1/28/22,26,48,0,0,0,2.9
4/7/22,54,80,0.05,0,0,8.5
4/29/22,45,71,0,0,0,6
5/16/22,64,87,0.01,0,0,7.4
5/30/22,66,91,0,0,0,2.9
8/17/18,73,91,0,0,0,9.62
8/23/18,60,80,0,0,0,5.14
9/1/18,71,93,0.19,0,0,4.92
9/29/18,60,82,0,0,0,3.36
5/11/19,64,81,0.18,0,0,5.37
6/12/19,59,74,0.35,0,0,6.71
7/15/19,70,95,0.35,0,0,4.25
8/2/19,68,87,0.21,0,0,5.14
8/17/19,72,91,0,0,0,4.47
9/10/19,70,89,0,0,0,3.8
9/17/19,66,88,0.07,0,0,5.82
9/30/19,71,88,0,0,0,6.04
1/26/20,32,54,0,0,0,4.25
2/2/20,33,63,0,0,0,10.96
3/6/20,40,59,0,0,0,7.83
5/5/20,53,73,0.02,0,0,8.28
5/28/20,70,85,0.73,0,0,6.49
11/19/20,28,57,0,0,0,2.01
12/8/20,27,48,0,0,0,4.25
12/15/20,29,45,0,0,0,6.49
12/20/20,35,46,0.47,0,0,2.68
1/5/21,29,48,0,0,0,1.34
1/6/21,34,51,0,0,0,2.46
1/17/21,27,50,0,0,0,6.93
1/26/21,41,48,0.37,0,0,4.47
1/30/21,20,44,0,0,0,2.01
2/20/21,28,45,0,0,0,4.47
4/23/21,31,67,0,0,0,3.8
12/11/17,26,55,0,0,0,4.92
12/21/17,36,53,0,0,0,4.47
12/27/17,27,45,0,0,0,4.7
1/22/18,38,62,0,0,0,4.7
6/30/19,69,94,0,0,0,5.14
7/25/19,63,87,0,0,0,4.25
10/12/19,52,86,0,0,0,4.03
12/11/19,30,48,0.32,0,0,4.47
12/27/19,44,67,0,0,0,2.01
1/1/20,35,55,0,0,0,4.47
1/12/20,63,70,0.31,0,0,9.17
2/21/20,26,36,0,0,2,7.61
3/1/20,24,59,0,0,0,5.37
4/6/20,52,82,0.02,0,0,5.37
6/19/20,66,86,0.8,0,0,5.59
11/9/20,53,76,0,0,0,3.8
7/6/21,68,90,0,0,0,7.61
8/14/21,71,95,0.55,0,0,6.49
10/31/21,49,72,0,0,0,6.04
11/13/21,40,66,0,0,0,6.49
12/2/21,45,71,0,0,0,8.28
12/30/21,64,67,0.1,0,0,6.26
1/10/22,34,53,0,0,0,5.1
1/29/17,30,54,0.02,0,0,8.05
1/31/17,31,68,0,0,0,12.75
4/27/17,62,82,0,0,0,10.51
4/30/17,70,86,0.02,0,0,10.51
1/1/19,51,71,0,0,0,7.38
3/7/19,23,50,0,0,0,2.46
3/22/19,42,63,0,0,0,9.4
2/3/17,34,49,0.06,0,0,4.7
2/11/17,41,73,0,0,0,12.3
4/13/17,54,80,0,0,0,8.05
8/1/17,60,88,0,0,0,2.91
8/11/17,73,89,1.2,0,0,4.25
9/8/17,51,77,0,0,0,2.68
11/13/17,42,60,0.64,0,0,4.25
1/9/18,29,63,0,0,0,2.68
2/8/18,33,50,0,0,0,3.36
3/24/18,27,50,0.91,0.2,0,3.58
4/12/18,44,75,0,0,0,13.87
6/3/18,69,88,0,0,0,4.92
7/22/18,68,89,1.11,0,0,5.59
10/9/18,67,80,0.07,0,0,6.49
11/20/18,38,64,0,0,0,5.82
1/12/19,30,39,0.07,0,0,5.59
3/1/19,39,47,0.65,0,0,7.38
5/15/19,43,72,0,0,0,3.58
7/22/19,74,97,0.06,0,0,12.08
10/29/19,55,71,0,0,0,3.58
1/8/20,29,59,0,0,0,6.04
5/25/20,62,76,0,0,0,5.59
6/28/20,70,91,0.06,0,0,6.04
8/21/20,71,84,0,0,0,4.25
11/11/20,68,78,0.23,0,0,8.72
4/26/21,42,77,0,0,0,2.68
7/8/21,71,79,2.52,0,0,8.05
8/20/21,73,87,0.36,0,0,2.91
9/11/21,56,83,0,0,0,3.58
9/15/21,72,89,0,0,0,6.71
10/9/21,63,68,4.96,0,0,6.71
1/19/22,28,60,0,0,0,7.8
3/24/22,59,73,0.47,0,0,11.6
5/26/17,59,81,0,0,0,7.83
6/11/17,67,90,0,0,0,6.26
9/28/17,63,94,0,0,0,3.13
10/26/17,40,63,0,0,0,3.8
1/14/18,21,33,0,0,0,8.72
4/27/18,54,73,0.01,0,0,4.92
5/14/18,68,93,0,0,0,8.05
5/18/18,71,82,0.23,0,0,8.28
6/7/18,62,85,0,0,0,4.92
6/18/18,74,94,0,0,0,4.92
6/20/18,73,94,0,0,0,4.47
6/24/18,73,96,0.07,0,0,7.61
7/16/18,74,95,0,0,0,8.05
7/21/18,69,88,0.01,0,0,6.71
9/28/18,65,79,0.02,0,0,4.92
11/5/18,54,62,0.82,0,0,3.8
4/20/19,49,66,0.02,0,0,12.53
8/31/19,62,89,0,0,0,2.91
11/4/19,33,64,0,0,0,2.24
11/29/19,33,56,0,0,0,1.12
1/28/20,34,53,0,0,0,2.24
9/15/20,59,75,0,0,0,8.72
10/8/20,58,83,0,0,0,2.46
10/17/20,46,64,0,0,0,4.92
10/28/20,57,72,0.05,0,0,4.03
1/7/21,27,49,0,0,0,2.91
1/12/21,34,56,0.09,0,0,1.79
1/25/21,39,46,0.37,0,0,3.8
2/19/21,32,44,0.42,0,0,4.7
4/22/21,32,61,0,0,0,5.82
8/19/21,73,94,0.44,0,0,3.8
10/20/21,45,79,0,0,0,2.01
10/29/21,55,71,0.58,0,0,9.62
11/1/21,43,70,0,0,0,2.01
11/28/21,35,62,0,0,0,4.7
12/20/21,29,44,0,0,0,4.47
12/23/21,27,51,0,0,0,2.91
1/18/22,25,49,0,0,0,3.4
2/1/22,28,52,0,0,0,4.3
2/6/22,23,44,0,0,0,6.5
2/25/22,42,69,0.01,0,0,5.4
3/4/22,41,60,0,0,0,6.9
4/10/22,39,64,0,0,0,7.8
4/30/22,55,72,0,0,0,3.6
1/27/17,30,51,0,0,0,6.49
3/14/17,30,54,0.25,0,0,10.51
3/27/17,59,79,0.06,0,0,9.17
5/27/17,61,88,0,0,0,6.04
6/26/17,60,85,0,0,0,3.36
10/27/17,38,73,0,0,0,5.82
1/13/18,29,56,0,0,0,9.62
1/15/18,17,39,0,0,0,3.8
6/29/17,60,87,0,0,0,6.71
7/21/17,74,98,0,0,0,5.59
8/29/17,64,71,0.22,0,0,8.5
9/12/17,63,79,0.63,0,0,10.74
10/7/17,59,86,0.15,0,0,6.26
3/1/18,50,57,0.59,0,0,4.47
4/17/18,33,62,0,0,0,9.4
4/30/18,36,72,0,0,0,4.03
5/15/18,69,88,0.02,0,0,8.72
8/11/18,72,91,0.04,0,0,4.47
9/24/18,64,74,0,0,0,5.82
11/17/18,33,59,0,0,0,1.57
1/15/19,28,47,0,0,0,1.34
1/23/19,31,64,0.04,0,0,7.83
2/27/19,40,50,0.29,0,0,3.13
4/3/19,31,69,0,0,0,4.7
4/11/19,47,79,0,0,0,6.49
5/8/19,62,83,0,0,0,7.38
5/16/19,51,79,0,0,0,4.03
12/23/20,27,57,0,0,0,3.58
1/24/21,23,46,0,0,0,3.8
2/1/21,33,43,0,0,0,5.82
2/8/21,25,53,0,0,0,4.03
2/18/21,32,40,0.78,0,0,9.17
2/26/21,41,50,0.58,0,0,9.17
3/15/21,45,56,0,0,0,7.61
3/26/21,64,79,0.14,0,0,12.08
4/6/21,49,83,0,0,0,3.36
2/2/22,25,60,0,0,0,3.1
2/4/22,47,67,0.3,0,0,15.2
2/7/22,32,37,0.53,0,0,5.6
2/18/22,38,71,0.16,0,0,11.2
5/4/22,67,88,0,0,0,8.7
5/18/22,55,87,0,0,0,6.3
5/20/22,66,96,0,0,0,10.5
5/24/22,61,80,0,0,0,8.3
8/12/17,73,92,0.48,0,0,5.37
12/31/17,23,35,0,0,0,10.07
3/18/18,40,60,0.01,0,0,6.04
3/21/18,32,42,0.05,0,0,6.93
3/26/18,32,53,0,0,0,10.29
5/30/20,68,88,0,0,0,3.8
6/10/20,76,92,0.05,0,0,11.18
6/27/20,66,91,0,0,0,5.82
8/13/20,73,90,0.06,0,0,3.8
10/3/20,46,72,0,0,0,5.82
7/28/21,71,95,0,0,0,4.7
10/16/21,56,85,0.17,0,0,8.05
10/18/21,42,71,0,0,0,3.58
12/12/21,30,58,0,0,0,4.03
2/3/22,48,70,0.02,0,0,9.6
2/11/22,36,70,0,0,0,8.3
2/13/22,32,54,0,0,0,6.7
3/25/22,52,70,0,0,0,8.1
1/2/17,47,51,1.08,0,0,5.59
1/6/17,32,43,0.25,0,0,6.04
1/22/17,53,56,0.09,0,0,5.82
2/14/17,30,64,0,0,0,4.7
4/4/17,63,82,0,0,0,12.97
5/10/17,57,83,0.45,0,0,3.8
6/10/17,61,89,0,0,0,6.04
6/30/17,69,87,0.05,0,0,7.83
8/15/17,76,91,0.07,0,0,2.91
10/3/17,50,77,0,0,0,6.26
10/15/17,62,83,0,0,0,9.84
11/6/17,53,76,0,0,0,4.7
2/3/18,18,42,0,0,0,5.14
2/9/18,28,58,0,0,0,4.03
2/28/18,39,57,0.07,0,0,4.92
6/2/18,68,87,0.08,0,0,4.7
7/2/18,75,95,0,0,0,3.13
7/26/18,68,92,0,0,0,4.92
9/15/18,73,77,1.85,0,0,15.88
11/8/18,51,65,0,0,0,7.16
3/18/19,32,60,0,0,0,4.47
6/2/19,62,88,0,0,0,5.59
9/20/19,50,79,0,0,0,3.36
9/26/19,70,94,0,0,0,6.04
10/20/19,56,65,1.57,0,0,8.05
12/29/19,57,73,0.09,0,0,8.72
1/15/20,57,70,0,0,0,4.47
2/6/20,60,70,2.35,0,0,9.4
5/10/20,36,70,0,0,0,8.28
5/15/20,60,83,0,0,0,10.51
5/18/20,64,70,0.07,0,0,8.28
8/4/20,69,88,1.64,0,0,8.28
9/18/20,64,75,0.1,0,0,9.62
1/27/21,40,53,0.33,0,0,5.37
1/31/21,33,38,1.07,0,0,5.82
2/27/21,40,58,0.15,0,0,4.7
5/8/21,42,74,0,0,0,4.92
7/5/21,65,90,0,0,0,2.91
7/26/21,73,92,0.02,0,0,7.16
12/25/21,49,72,0,0,0,13.2
1/15/22,28,40,0,0,0,5.8
2/26/22,40,48,0.02,0,0,5.8
4/9/22,45,56,0,0,0,6.9
1/5/17,29,44,0,0,0,2.01
3/29/17,55,73,0,0,0,4.92
5/2/17,60,77,0,0,0,11.41
5/8/17,43,71,0,0,0,4.7
5/28/17,67,86,0.08,0,0,6.71
8/9/17,67,84,0,0,0,6.71
9/9/17,53,76,0,0,0,7.38
11/2/17,55,78,0,0,0,2.01
11/4/17,56,64,0,0,0,8.28
12/7/17,40,49,0,0,0,2.46
5/27/18,69,87,0,0,0,9.4
7/13/18,68,88,0,0,0,7.61
8/24/18,55,82,0,0,0,4.7
9/30/18,62,81,0,0,0,4.03
11/9/18,50,53,0.07,0,0,5.37
12/29/18,45,65,0,0,0,3.36
1/5/19,44,61,0.01,0,0,9.62
1/22/19,17,39,0,0,0,3.8
2/2/19,29,60,0,0,0,3.8
2/26/19,30,63,0,0,0,3.8
5/26/19,72,94,0.05,0,0,5.82
6/8/19,71,79,0.32,0,0,9.4
6/19/19,71,88,0.02,0,0,7.61
1/21/20,24,38,0,0,0,8.05
2/5/20,60,64,0.2,0,0,8.95
2/10/20,36,64,0,0,0,8.05
2/25/20,48,65,0.16,0,0,7.38
3/18/20,46,68,0,0,0,5.82
4/13/20,61,81,0.39,0,0,15.43
5/8/20,44,70,0.05,0,0,11.41
5/22/20,62,82,0.05,0,0,6.26
7/6/20,68,92,0,0,0,5.37
7/28/20,73,97,1.03,0,0,5.82
8/10/20,71,89,0,0,0,4.25
9/3/20,76,93,0,0,0,8.05
11/30/20,46,69,1.17,0,0,13.42
2/28/21,48,77,0,0,0,4.03
3/18/21,49,73,0.02,0,0,5.59
5/4/21,64,87,0.2,0,0,9.4
5/17/21,56,76,0.05,0,0,3.13
8/27/21,72,93,0,0,0,4.7
8/31/21,72,94,0,0,0,6.93
9/17/21,72,83,0.01,0,0,5.59
9/25/21,49,78,0,0,0,2.01
1/23/22,17,47,0,0,1,4
4/19/22,39,59,0,0,0,
5/8/22,47,53,0.01,0,0,9.4
2/19/17,44,73,0,0,0,4.7
3/4/17,25,54,0,0,0,2.46
4/23/17,53,56,0.77,0,0,11.18
5/6/17,53,67,0.02,0,0,10.96
5/21/17,60,76,0,0,0,7.61
6/23/17,73,91,0.04,0,0,13.65
8/22/17,74,96,0,0,0,7.61
9/15/17,63,85,0,0,0,1.79
9/24/17,63,87,0,0,0,5.59
10/4/17,50,82,0,0,0,2.24
10/18/17,37,68,0,0,0,2.68
2/24/18,57,78,0,0,0,11.18
2/27/18,35,61,0,0,0,2.24
3/5/18,26,54,0,0,0,4.7
3/7/18,35,54,0,0,0,6.71
4/18/18,42,82,0,0,0,9.62
5/2/19,63,85,0,0,0,9.17
7/1/19,72,90,0,0,0,5.14
8/1/19,67,91,0.87,0,0,4.47
8/9/19,67,93,0,0,0,3.13
9/29/19,69,95,0,0,0,5.37
11/1/19,39,59,0,0,0,4.47
12/24/19,42,65,0,0,0,6.71
3/11/20,54,76,0,0,0,4.7
4/12/20,47,76,0.01,0,0,10.96
4/21/20,48,77,0,0,0,9.62
5/19/20,54,64,0.79,0,0,12.53
9/21/20,48,68,0,0,0,7.16
10/26/20,50,73,0.02,0,0,2.68
10/27/20,53,77,0,0,0,2.01
12/14/20,37,59,1.12,0,0,5.82
12/17/20,35,52,0,0,0,3.8
1/28/21,29,40,0.36,1.6,2,8.72
5/26/21,70,94,0,0,0,6.04
6/1/21,53,83,0,0,0,3.8
11/14/21,29,58,0,0,0,3.13
12/9/21,27,45,0,0,0,3.36
3/3/22,46,84,0,0,0,7.4
1/16/17,44,51,0,0,0,4.47
1/23/17,43,60,0.28,0,0,9.84
2/25/17,52,81,0,0,0,13.2
2/26/17,37,56,0,0,0,4.47
3/2/17,39,62,0,0,0,8.05
3/20/17,30,66,0,0,0,3.58
4/3/17,50,76,0.4,0,0,9.17
4/18/17,61,74,0.03,0,0,9.62
8/7/17,74,92,0.04,0,0,10.96
11/24/17,26,57,0,0,0,1.57
12/25/17,30,47,0,0,0,7.61
2/6/18,29,59,0,0,0,5.37
2/19/18,40,50,0.3,0,0,2.46
3/22/18,32,53,0,0,0,6.04
4/8/18,32,52,0,0,0,4.92
4/9/18,40,57,0,0,0,5.14
5/24/18,68,84,0,0,0,6.93
6/15/18,69,86,0,0,0,5.82
7/30/18,72,86,0.72,0,0,4.47
7/31/18,73,87,0.22,0,0,5.37
10/10/18,69,81,0.1,0,0,7.61
10/12/18,51,71,0,0,0,2.91
11/14/18,39,48,0.04,0,0,8.05
12/14/18,36,57,0.7,0,0,5.14
3/5/19,32,44,0,0,0,5.14
3/12/19,35,60,0,0,0,2.68
6/26/19,68,89,0,0,0,2.46
9/15/19,67,86,0,0,0,3.36
10/7/19,58,85,0,0,0,3.58
10/27/19,61,85,0.13,0,0,8.28
11/16/19,42,50,0,0,0,15.66
12/17/19,45,64,0.41,0,0,10.96
12/22/19,26,48,0.04,0,0,0.45
3/8/20,28,63,0,0,0,4.47
9/6/20,57,82,0,0,0,3.58
9/19/20,51,66,0,0,0,9.62
12/9/20,26,53,0,0,0,6.04
3/2/21,37,51,0,0,0,2.91
6/16/21,59,83,0,0,0,3.36
7/29/21,68,94,0,0,0,8.28
9/7/21,62,91,0,0,0,4.03
10/27/21,46,70,0,0,0,3.36
3/10/22,43,49,0.05,0,0,7.2
3/20/22,46,67,0,0,0,7.6
4/1/22,46,69,0,0,0,9.6
4/17/22,56,75,0,0,0,
4/23/22,59,83,0,0,0,6.5
4/28/22,45,71,0,0,0,4.3
1/19/17,36,63,0,0,0,1.34
1/26/17,43,70,0.06,0,0,13.42
2/12/17,58,83,0.05,0,0,11.41
3/13/17,26,42,0.56,0,0,8.28
3/15/17,24,40,0,0,0,10.51
3/17/17,23,58,0.03,0,0,4.92
5/1/17,68,85,0.29,0,0,15.66
8/20/17,71,95,0,0,0,3.58
10/6/17,55,86,0,0,0,2.91
10/11/17,73,89,1.12,0,0,8.05
10/13/17,63,71,0,0,0,7.38
11/18/17,33,67,0,0,0,11.41
12/4/17,33,61,0,0,0,2.46
12/14/17,30,57,0,0,0,7.38
3/2/18,41,55,0,0,0,14.99
3/12/18,32,38,0.92,1.4,0,7.16
5/13/18,66,93,0,0,0,6.04
5/25/18,65,86,0,0,0,5.82
6/16/18,65,90,0,0,0,4.47
6/26/18,66,74,0.74,0,0,6.93
7/25/18,69,82,0.27,0,0,3.8
8/13/18,67,85,0.08,0,0,3.58
10/15/18,59,80,0,0,0,5.59
11/10/18,34,52,0,0,0,6.26
1/7/19,40,51,0,0,0,6.93
2/10/19,27,43,0,0,0,3.8
2/21/19,35,59,0.14,0,0,4.25
3/2/19,37,59,0,0,0,4.25
4/2/19,31,40,0.35,0,0,5.82
5/1/19,63,84,0,0,0,8.05
5/5/19,63,77,0.36,0,0,6.71
6/22/19,63,84,0.01,0,0,4.03
6/25/19,70,90,0,0,0,5.14
8/30/19,57,90,0,0,0,3.13
9/3/19,68,91,0,0,0,3.13
9/5/19,70,79,0.93,0,0,11.86
9/25/19,63,87,0,0,0,6.04
10/5/19,58,68,0,0,0,8.72
12/3/19,35,51,0,0,0,5.14
12/21/19,30,49,0,0,0,2.01
1/3/20,46,58,1.53,0,0,3.58
1/16/20,46,64,0,0,0,7.83
1/23/20,25,49,0,0,0,4.7
1/27/20,31,54,0.12,0,0,2.68
3/7/20,34,54,0,0,0,5.82
4/2/20,41,66,0,0,0,5.37
4/3/20,41,72,0,0,0,5.14
4/11/20,32,67,0,0,0,4.47
4/30/20,55,69,1.67,0,0,8.72
5/6/20,49,72,0,0,0,6.93
5/12/20,38,65,0,0,0,3.8
7/10/20,71,95,0.25,0,0,4.7
8/12/20,72,91,0,0,0,4.7
8/14/20,72,89,0.63,0,0,3.58
8/16/20,67,79,0.02,0,0,4.25
8/17/20,64,86,0.11,0,0,2.46
10/31/20,44,60,0,0,0,5.82
12/25/20,26,57,0.05,0,0,10.51
12/29/20,32,51,0,0,0,5.14
1/2/21,42,57,0.6,0,0,3.13
5/3/21,66,79,0.2,0,0,11.86
5/7/21,43,64,0.33,0,0,2.91
6/4/21,71,85,0.02,0,0,5.82
6/7/21,72,89,0,0,0,8.28
6/21/21,72,91,0,0,0,9.4
7/13/21,73,90,0,0,0,9.4
7/23/21,66,87,0,0,0,4.25
8/3/21,66,75,0.11,0,0,7.16
8/23/21,68,92,0,0,0,2.01
11/15/21,33,54,0,0,0,4.47
11/21/21,34,64,0,0,0,1.12
12/17/21,54,73,0,0,0,6.93
1/20/22,30,50,0.34,0,0,8.3
2/14/22,27,50,0,0,0,3.4
2/27/22,36,46,0.19,0,0,3.1
3/16/22,48,72,0.65,0,0,4.7
5/19/22,70,92,0.01,0,0,9.4
5/29/22,59,88,0,0,0,2.7
2/4/17,26,45,0,0,0,4.7
5/25/17,60,76,0.82,0,0,11.41
7/8/17,71,95,0.05,0,0,6.49
8/14/17,73,88,0.21,0,0,3.8
11/22/17,42,62,0.03,0,0,4.7
3/14/18,31,44,0,0,0,7.61
5/11/18,59,89,0,0,0,4.03
5/30/18,73,85,0.49,0,0,5.59
9/5/18,71,91,0,0,0,4.03
9/6/18,71,92,0,0,0,2.91
9/19/18,65,88,0,0,0,1.79
10/23/18,42,66,0,0,0,4.7
12/12/18,24,45,0,0,1.2,1.34
1/21/19,17,31,0,0,0,5.82
4/16/19,38,69,0,0,0,5.82
7/23/19,64,82,1.16,0,0,5.14
8/14/19,73,93,0.12,0,0,6.71
10/19/19,39,67,0.03,0,0,3.13
12/7/19,34,52,0,0,0,6.04
3/23/20,44,50,0.32,0,0,5.82
5/13/20,42,70,0,0,0,1.57
6/30/20,70,92,0.21,0,0,3.8
11/5/20,40,74,0,0,0,0.89
11/26/20,55,68,0.02,0,0,6.49
1/10/21,25,53,0,0,0,0.67
2/22/21,33,59,0.41,0,0,7.16
3/1/21,48,68,0.15,0,0,10.07
3/25/21,52,75,0.02,0,0,5.82
3/28/21,57,76,0.25,0,0,13.87
6/9/21,71,89,0,0,0,7.83
7/24/21,68,87,0,0,0,6.71
8/8/21,65,91,0,0,0,2.68
10/1/21,58,82,0,0,0,2.68
10/11/21,64,72,0,0,0,6.49
11/30/21,26,59,0,0,0,6.93
12/7/21,41,56,0,0,0,6.49
2/10/22,33,67,0,0,0,7.4
4/3/22,46,70,0,0,0,5.8
5/3/22,65,89,0,0,0,8.7
5/23/22,67,85,1.29,0,0,6
1/11/17,40,57,0,0,0,6.04
3/22/17,39,64,0,0,0,8.28
4/15/17,61,85,0,0,0,9.62
4/21/17,63,89,0.21,0,0,6.93
6/16/17,70,89,2.3,0,0,4.03
6/28/17,57,83,0,0,0,4.25
8/18/17,75,98,0.01,0,0,7.38
11/5/17,51,70,0,0,0,2.46
11/19/17,34,64,0.08,0,0,9.17
11/20/17,28,57,0,0,0,2.01
1/1/18,13,28,0,0,0,6.49
1/7/18,4,30,0,0,0,2.68
1/19/18,19,49,0,0,3.9,3.58
1/20/18,26,56,0,0,1.2,5.59
1/28/18,52,60,1.3,0,0,5.14
4/10/18,39,62,0,0,0,5.37
4/11/18,38,62,0,0,0,5.37
4/21/18,37,68,0,0,0,4.47
6/12/18,63,70,0.01,0,0,6.26
7/6/18,71,93,0.34,0,0,3.8
7/10/18,59,91,0,0,0,2.46
10/1/18,60,82,0,0,0,2.01
10/17/18,53,71,0,0,0,3.58
12/2/18,58,71,0,0,0,10.96
12/10/18,30,34,0.73,1.9,1.2,7.61
2/18/19,38,63,0.42,0,0,6.71
3/21/19,44,59,0.58,0,0,6.26
4/17/19,48,80,0,0,0,6.71
5/9/19,63,83,0,0,0,8.05
6/4/19,57,84,0,0,0,6.93
7/12/19,73,92,0.08,0,0,8.05
8/15/19,72,90,0,0,0,3.8
9/21/19,55,88,0,0,0,5.14
10/21/19,50,74,0,0,0,4.47
10/23/19,44,69,0,0,0,2.24
11/21/19,31,59,0,0,0,3.58
2/9/20,31,54,0,0,0,4.7
4/17/20,35,73,0,0,0,10.51
5/31/20,57,77,0,0,0,6.71
6/2/20,55,85,0,0,0,11.18
6/7/20,69,88,0,0,0,5.37
7/30/20,72,89,0,0,0,7.16
8/26/20,71,89,0,0,0,3.58
9/8/20,62,84,0.03,0,0,5.59
9/10/20,74,88,0,0,0,3.13
10/4/20,48,68,0,0,0,3.8
11/4/20,37,70,0,0,0,1.34
11/23/20,40,63,0.01,0,0,4.92
11/29/20,36,63,0.54,0,0,3.58
12/21/20,42,55,0,0,0,6.93
12/27/20,24,51,0,0,0,2.24
1/1/21,41,55,0.65,0,0,7.83
1/19/21,27,57,0,0,0,6.04
1/23/21,25,48,0,0,0,4.03
2/2/21,33,45,0,0,0,9.4
4/13/21,49,76,0,0,0,4.03
4/17/21,43,65,0,0,0,0.89
6/18/21,56,88,0,0,0,5.37
6/19/21,71,92,0,0,0,11.63
6/23/21,59,79,0,0,0,5.59
6/26/21,70,86,0.03,0,0,4.7
7/21/21,71,89,0,0,0,4.25
8/25/21,72,95,0,0,0,2.24
8/28/21,73,95,0,0,0,4.92
9/8/21,72,93,0,0,0,7.61
9/12/21,62,87,0,0,0,6.26
9/22/21,63,80,0.73,0,0,8.95
1/6/22,37,59,0,0,0,4.7
1/11/22,27,41,0,0,0,3.4
1/13/22,27,53,0,0,0,1.6
1/14/22,37,56,0,0,0,3.6
1/30/22,15,44,0,0,0,4.3
3/18/22,48,77,0,0,0,7.2
4/8/22,49,68,0.16,0,0,7.4
4/25/22,59,85,0,0,0,8.5
5/11/22,53,77,0,0,0,11.2
5/26/22,61,82,0.01,0,0,5.8
2/1/17,42,70,0,0,0,3.8
2/17/17,34,66,0,0,0,6.71
4/26/17,56,81,0,0,0,5.37
9/19/17,64,85,0,0,0,4.25
9/27/17,68,91,0,0,0,5.59
6/29/18,70,92,0,0,0,4.25
7/3/18,75,95,0,0,0,6.49
8/30/18,73,95,0,0,0,6.49
9/17/18,72,88,1.32,0,0,11.63
9/21/18,70,83,0,0,0,4.92
12/21/18,46,65,0.04,0,0,14.99
1/3/19,47,55,0.21,0,0,2.68
1/19/19,37,59,0,0,0,8.05
3/8/19,39,49,0.1,0,0,4.7
6/28/19,70,97,1.09,0,0,3.8
7/3/19,70,97,0,0,0,4.03
7/11/19,75,93,0,0,0,9.17
9/18/19,60,79,0,0,0,7.61
3/10/17,41,69,0,0,0,10.74
3/11/17,31,50,0,0,0,4.47
5/17/17,66,89,0,0,0,8.95
9/21/17,65,88,0,0,0,1.79
10/10/17,75,90,0,0,0,6.71
10/17/17,42,64,0,0,0,5.14
12/6/17,41,57,0.24,0,0,4.7
2/5/18,29,48,0,0,0,4.03
3/4/18,35,56,0,0,0,6.93
4/6/18,45,73,0,0,0,11.41
4/24/18,53,65,0.85,0,0,12.3
6/30/18,71,94,0.02,0,0,4.92
8/3/18,70,77,1.12,0,0,5.82
8/18/18,73,88,0.49,0,0,9.84
11/18/18,37,59,0,0,0,1.57
11/23/18,27,45,0,0,0,7.83
12/4/18,41,53,0,0,0,4.03
12/6/18,25,46,0,0,0,3.8
12/28/18,50,68,1.61,0,0,9.84
2/7/19,60,79,0,0,0,12.75
2/12/19,41,48,0.17,0,0,5.37
3/15/19,58,74,0.31,0,0,13.42
4/7/19,52,71,0,0,0,5.14
4/25/19,59,82,0,0,0,5.14
5/23/19,64,84,0,0,0,8.05
5/24/19,68,93,0,0,0,5.82
7/4/19,72,96,1,0,0,3.58
7/27/19,63,88,0,0,0,1.12
8/29/19,61,86,0,0,0,2.91
11/3/19,36,60,0,0,0,2.24
11/11/19,41,70,0,0,0,8.5
1/14/20,59,69,0.34,0,0,5.37
2/23/20,30,63,0,0,0,5.59
3/15/20,48,60,0,0,0,9.62
3/29/20,69,88,0,0,0,12.97
6/23/20,72,89,0,0,0,12.08
7/20/20,76,97,0,0,0,7.61
8/31/20,74,90,2.3,0,0,8.28
9/27/20,58,79,0,0,0,2.01
10/18/20,40,70,0,0,0,2.24
11/6/20,50,75,0,0,0,2.01
12/18/20,29,48,0,0,0,2.91
4/15/21,52,69,0,0,0,5.14
11/8/21,34,71,0,0,0,2.68
1/27/22,20,43,0,0,0,2.7
2/9/22,28,60,0,0,0,3.6
5/21/22,69,93,0.29,0,0,7.6
8/2/18,71,89,0.26,0,0,7.83
8/26/18,60,88,0,0,0,2.68
11/2/18,60,70,0,0,0,11.86
11/21/18,30,57,0,0,0,2.24
1/16/19,26,54,0,0,0,3.13
5/18/19,62,91,0,0,0,2.01
6/6/19,69,90,0,0,0,7.61
6/29/19,68,92,0.03,0,0,4.03
10/18/19,40,68,0,0,0,2.46
10/30/19,62,70,0.35,0,0,5.82
12/5/19,30,58,0,0,0,3.13
12/10/19,48,76,0.15,0,0,9.84
12/26/19,34,66,0,0,0,1.12
3/25/20,45,57,0.86,0,0,7.16
6/3/20,67,91,0,0,0,11.41
6/14/20,59,81,0,0,0,8.28
10/20/20,53,80,0,0,0,1.12
2/21/21,22,46,0,0,0,6.49
5/27/21,67,92,0,0,0,3.13
7/12/21,74,90,0,0,0,10.07
10/25/21,61,79,1.04,0,0,5.14
11/17/21,42,75,0,0,0,6.04
12/11/21,55,73,0.41,0,0,12.3
12/15/21,32,62,0,0,0,2.01
12/28/21,53,75,0,0,0,9.17
2/5/22,27,47,0,0,0,6.5
2/22/22,59,73,0,0,0,11.4
3/5/22,45,70,0,0,0,6
3/9/22,45,52,0.42,0,0,4.5
1/24/17,41,63,0,0,0,6.04
2/16/17,32,53,0,0,0,6.71
4/2/17,49,69,0,0,0,6.04
4/16/17,60,82,0,0,0,12.75
4/17/17,62,86,0.05,0,0,9.84
5/11/17,61,84,0.48,0,0,4.92
5/30/17,68,82,0.06,0,0,4.03
6/3/17,57,88,0,0,0,3.36
6/18/17,74,91,0.17,0,0,8.72
6/25/17,67,84,0,0,0,3.58
7/13/17,78,97,0,0,0,8.5
7/28/17,75,94,0.21,0,0,7.61
7/30/17,63,85,0,0,0,6.26
9/5/17,64,90,0.06,0,0,8.05
9/6/17,61,82,0.52,0,0,4.92
1/23/18,47,70,0.83,0,0,15.66
1/24/18,34,54,0,0,0,4.03
3/3/18,35,57,0,0,0,8.72
3/20/18,36,57,1.05,0,0,8.72
4/4/18,48,77,0,0,0,13.87
4/15/18,61,82,3.31,0,0,12.53
7/19/18,63,90,0,0,0,7.16
8/1/18,73,90,0.02,0,0,9.17
8/20/18,68,87,0.86,0,0,4.47
8/27/18,69,93,0,0,0,4.03
10/4/18,66,89,0,0,0,2.68
10/7/18,66,87,0,0,0,2.91
10/8/18,69,85,0,0,0,6.26
12/17/18,36,61,0,0,0,5.82
1/25/19,27,47,0,0,0,3.58
7/16/19,71,96,0,0,0,3.36
7/18/19,74,96,0.02,0,0,7.61
8/5/19,68,85,0.22,0,0,2.68
10/26/19,53,79,0,0,0,6.04
11/2/19,36,62,0,0,0,1.12
12/2/19,38,50,0,0,0,7.83
12/4/19,33,57,0,0,0,4.7
2/16/20,31,55,0.05,0,0,3.58
3/13/20,63,75,0.07,0,0,8.95
3/16/20,42,59,0,0,0,4.47
3/21/20,50,73,0.07,0,0,6.26
5/9/20,39,63,0,0,0,5.14
5/11/20,46,67,0,0,0,8.5
6/4/20,71,92,0,0,0,10.29
6/16/20,59,62,0.52,0,0,11.18
6/26/20,63,89,0,0,0,2.91
7/22/20,73,96,0,0,0,8.95
8/8/20,71,90,0,0,0,3.8
8/20/20,68,85,0,0,0,5.37
8/24/20,74,86,0,0,0,7.38
9/5/20,61,81,0,0,0,6.26
11/27/20,49,67,0,0,0,2.46
3/6/21,33,55,0,0,0,2.68
3/16/21,35,45,0.37,0,0,4.92
3/27/21,55,77,0.91,0,0,4.25
5/31/21,51,75,0,0,0,1.34
6/17/21,58,82,0,0,0,3.58
7/4/21,60,84,0,0,0,2.24
7/22/21,70,86,0,0,0,4.92
9/9/21,63,75,1.6,0,0,5.14
9/19/21,66,90,0,0,0,4.47
9/28/21,59,87,0,0,0,4.7
10/10/21,64,76,0,0,0,8.05
10/15/21,59,85,0,0,0,2.91
11/23/21,27,47,0,0,0,3.58
1/3/22,31,60,2.29,0,0,10.3
1/12/22,25,53,0,0,0,6.3
1/16/22,25,38,1.22,0,0,12.3
3/14/22,32,67,0,0,0,3.8
3/28/22,29,61,0,0,0,7.6
5/29/17,64,87,0.08,0,0,3.13
6/12/17,67,89,0,0,0,6.49
7/22/17,76,101,0,0,0,10.74
8/31/17,69,87,0.01,0,0,7.16
12/1/17,41,63,0,0,0,5.14
1/7/17,20,32,0.6,0.5,0,9.62
1/13/17,50,76,0.01,0,0,7.38
1/25/17,36,73,0,0,0,7.61
2/20/17,42,73,0,0,0,1.79
2/28/17,50,77,0,0,0,7.16
4/22/17,56,87,0.09,0,0,9.4
4/28/17,69,88,0,0,0,9.17
5/3/17,53,79,0,0,0,5.14
5/4/17,57,80,0.29,0,0,10.74
6/9/17,53,83,0,0,0,4.03
6/17/17,72,86,0.21,0,0,5.82
7/15/17,75,94,0,0,0,5.82
8/10/17,63,88,0,0,0,4.03
10/8/17,74,84,0.02,0,0,8.28
10/9/17,74,92,0.09,0,0,11.86
1/3/18,9,32,0.06,0.9,0,4.25
1/26/18,25,57,0,0,0,4.25
2/2/18,24,57,0.16,0,0,7.83
3/11/18,38,49,0.21,0,0,7.83
6/8/18,65,89,0,0,0,4.47
6/21/18,72,92,0.12,0,0,3.58
7/20/18,69,86,0,0,0,9.4
9/18/18,71,85,0,0,0,6.93
10/16/18,64,75,0.01,0,0,4.92
10/21/18,37,58,0,0,0,5.59
10/30/18,35,65,0,0,0,1.12
11/15/18,36,43,0.88,0,0,10.29
11/26/18,39,63,0.01,0,0,9.84
2/5/19,38,76,0,0,0,1.57
4/4/19,48,75,0,0,0,5.14
4/19/19,64,73,1.31,0,0,14.54
4/26/19,51,77,0.21,0,0,12.97
6/20/19,69,93,0.3,0,0,10.74
6/23/19,67,81,0,0,0,4.03
6/24/19,64,95,0,0,0,7.38
8/8/19,68,91,0.12,0,0,3.36
8/27/19,65,81,0.01,0,0,3.36
9/23/19,62,91,0,0,0,7.61
10/4/19,68,94,0,0,0,8.5
11/14/19,24,48,0.26,0,0,2.24
11/24/19,38,61,0.31,0,0,7.61
12/1/19,46,66,0.46,0,0,7.16
1/18/20,36,49,0.14,0,0,6.49
2/18/20,38,61,0.07,0,0,4.92
3/2/20,41,69,0,0,0,12.75
3/5/20,45,56,0.05,0,0,4.92
3/10/20,57,70,0.01,0,0,12.08
4/16/20,34,67,0,0,0,3.8
4/28/20,42,77,0,0,0,4.92
5/2/20,43,75,0,0,0,3.8
5/29/20,69,81,0.78,0,0,6.71
6/8/20,71,88,0,0,0,5.82
6/11/20,71,88,0.11,0,0,9.62
8/18/20,65,87,0,0,0,1.79
8/25/20,73,91,0,0,0,7.61
8/28/20,76,92,0,0,0,9.62
9/7/20,57,83,0,0,0,2.91
9/16/20,56,79,0,0,0,6.71
10/6/20,48,78,0,0,0,2.46
10/16/20,55,70,0.79,0,0,7.83
10/29/20,68,82,0.01,0,0,17
11/7/20,54,77,0,0,0,2.01
11/21/20,41,73,0,0,0,0.89
12/5/20,37,57,0.08,0,0,7.61
12/16/20,35,39,0.94,0,0,7.38
1/22/21,36,60,0,0,0,3.58
2/16/21,34,60,0.01,0,0,9.4
3/13/21,53,69,0,0,0,2.46
5/19/21,51,84,0,0,0,2.01
6/2/21,60,81,1.82,0,0,5.14
7/17/21,73,92,0,0,0,9.62
7/31/21,73,91,0,0,0,5.82
9/27/21,51,84,0,0,0,3.58
10/6/21,67,83,0,0,0,6.26
10/19/21,42,75,0,0,0,2.24
10/30/21,49,61,0,0,0,7.16
11/27/21,28,54,0,0,0,3.58
12/3/21,44,74,0,0,0,3.8
12/16/21,36,69,0,0,0,5.82
12/19/21,34,65,0.67,0,0,7.83
1/1/22,64,79,0.43,0,0,14.3
2/21/22,32,71,0,0,0,3.6
2/28/22,32,60,0,0,0,4.5
3/11/22,45,61,0.06,0,0,3.4
3/19/22,61,79,0,0,0,16.1
4/21/22,43,75,0,0,0,4.9
4/22/22,53,83,0,0,0,4.5
5/7/22,53,75,0.02,0,0,8.7
9/14/18,73,79,2.5,0,0,20.36
10/27/18,47,55,0.01,0,0,8.5
12/19/18,27,53,0,0,0,1.12
1/10/19,27,39,0,0,0,6.93
3/14/19,50,75,0,0,0,10.29
4/10/19,54,74,0,0,0,4.25
7/6/19,74,93,0,0,0,8.95
11/13/19,25,40,0,0,0,5.59
12/6/19,31,56,0,0,0,4.47
1/9/20,30,51,0,0,0,6.04
1/24/20,39,65,0.21,0,0,9.84
4/20/20,51,62,0.68,0,0,4.92
4/24/20,61,80,0.01,0,0,10.51
7/25/20,71,94,0.38,0,0,4.25
7/29/20,72,92,0.59,0,0,5.14
8/23/20,72,89,0,0,0,8.5
9/13/20,64,85,0,0,0,3.8
10/19/20,51,75,0,0,0,0.67
11/3/20,33,66,0,0,0,3.13
4/3/21,26,60,0,0,0,3.13
7/30/21,76,96,0,0,0,6.71
9/14/21,67,91,0,0,0,6.04
11/10/21,43,79,0,0,0,1.34
12/1/21,30,67,0,0,0,3.36
3/23/22,59,74,0.13,0,0,9.8
4/2/22,35,66,0,0,0,3.8
3/3/17,31,54,0,0,0,6.71
3/8/17,46,69,0.05,0,0,8.5
4/5/17,53,78,0.32,0,0,6.71
4/9/17,38,77,0,0,0,4.47
5/13/17,52,66,0.23,0,0,4.47
5/22/17,68,80,0.3,0,0,8.05
8/27/17,63,81,0,0,0,9.17
12/12/17,30,53,0,0,0,9.62
3/26/17,52,77,0,0,0,6.93
12/20/17,48,56,0.42,0,0,2.46
2/15/18,54,75,0,0,0,14.32
2/16/18,56,81,0.02,0,0,13.42
4/20/18,34,65,0,0,0,2.91
5/3/18,57,85,0,0,0,11.86
5/22/18,67,85,0.05,0,0,5.82
6/17/18,70,93,0,0,0,5.37
7/7/18,67,79,0.65,0,0,9.4
9/26/18,66,87,0.12,0,0,5.37
10/24/18,38,61,0,0,0,3.58
12/7/18,29,50,0,0,0,1.79
12/16/18,42,60,0,0,0,7.61
12/25/18,26,50,0,0,0,1.57
12/26/18,26,51,0,0,0,2.46
1/11/19,21,43,0,0,0,2.01
2/3/19,33,61,0,0,0,0
3/17/19,35,57,0,0,0,3.8
3/25/19,51,71,0.54,0,0,7.38
10/3/19,70,100,0,0,0,3.58
3/30/20,62,77,0,0,0,7.16
5/20/20,53,59,1.59,0,0,13.65
5/27/20,67,78,0.37,0,0,8.28
7/24/20,72,90,0.01,0,0,6.49
8/5/20,71,89,0,0,0,5.37
9/14/20,66,85,0,0,0,6.71
9/23/20,50,73,0,0,0,1.34
11/15/20,51,76,0,0,0,10.51
11/22/20,41,70,0,0,0,2.01
2/5/21,39,49,0.16,0,0,8.28
3/31/21,60,74,0.4,0,0,7.83
5/16/21,45,73,0.01,0,0,1.79
7/3/21,59,81,0,0,0,3.13
8/10/21,73,96,0,0,0,6.49
9/4/21,54,85,0,0,0,2.91
10/23/21,50,73,0,0,0,2.24
11/2/21,45,66,0,0,0,5.14
12/10/21,37,59,0,0,0,2.46
2/5/17,27,60,0.01,0,0,4.92
2/22/17,51,70,0,0,0,3.8
3/16/17,24,50,0,0,0,6.04
4/10/17,49,78,0,0,0,9.62
4/14/17,53,81,0,0,0,4.47
5/15/17,60,85,0,0,0,4.7
7/10/17,70,90,0,0,0,4.47
8/23/17,74,95,0.21,0,0,5.82
9/18/17,65,83,0,0,0,6.71
9/20/17,62,91,0,0,0,3.58
10/24/17,52,72,0,0,0,6.49
10/28/17,47,74,0.76,0,0,4.92
12/15/17,31,43,0,0,0,5.14
2/25/18,60,73,0,0,0,11.18
3/25/18,33,54,0.3,0,0,9.84
3/30/18,51,71,0.03,0,0,13.2
6/6/18,61,85,0.23,0,0,5.14
8/4/18,71,89,0,0,0,3.8
9/11/18,68,88,0,0,0,2.91
12/3/18,47,68,0,0,0,5.59
5/13/19,57,74,1.32,0,0,3.58
7/2/19,68,95,0,0,0,3.36
10/16/19,52,66,0.47,0,0,5.59
11/15/19,39,47,0.07,0,0,6.71
11/22/19,49,66,0,0,0,8.05
1/2/20,35,58,0.1,0,0,7.16
2/12/20,51,64,0,0,0,6.71
3/19/20,59,81,0.01,0,0,10.07
7/11/20,70,92,0.02,0,0,5.14
8/15/20,71,87,1.38,0,0,3.8
11/1/20,48,63,0.38,0,0,6.71
2/6/21,27,55,0.31,0,0,2.01
3/12/21,54,80,0,0,0,8.72
4/14/21,55,82,0.13,0,0,7.16
6/13/21,66,85,0,0,0,4.92
7/20/21,66,84,0,0,0,2.01
8/16/21,71,90,0.39,0,0,3.58
1/5/22,30,59,0,0,0,4.9
1/7/22,27,52,0,0,0,8.1
2/24/22,42,57,0.04,0,0,
5/12/22,62,70,0.07,0,0,10.7
1/1/17,41,50,0.54,0,0,6.49
2/7/17,49,76,0,0,0,12.53
2/21/17,44,66,0,0,0,5.82
7/27/17,72,94,0.02,0,0,7.61
8/8/17,68,78,1.5,0,0,5.82
9/3/17,62,83,0,0,0,4.25
9/29/17,60,72,0,0,0,6.04
7/16/17,73,91,0.05,0,0,5.14
7/19/17,67,94,0,0,0,2.68
12/17/17,27,51,0,0,0,2.24
8/21/17,71,93,0,0,0,3.13
11/8/17,43,45,0.13,0,0,8.28
11/9/17,45,50,0.27,0,0,4.03
12/18/17,35,61,0,0,0,2.01
1/29/18,33,52,0.59,0,0,8.05
3/10/18,38,56,0,0,0,3.13
3/29/18,56,80,0,0,0,13.87
4/14/18,59,81,0,0,0,13.87
3/13/18,29,48,0,0,1.2,6.71
5/17/18,69,77,0.69,0,0,7.16
8/12/18,70,89,0.8,0,0,2.91
8/21/18,71,87,0.01,0,0,9.4
9/13/18,74,81,0.28,0,0,11.18
9/20/18,67,87,0,0,0,4.25
11/4/18,37,65,0.04,0,0,7.38
12/5/18,30,48,0,0,0,4.03
12/9/18,30,38,1.75,7,3.1,15.21
1/17/19,28,49,0.01,0,0,4.7
5/4/19,65,86,0.63,0,0,7.38
5/17/19,58,85,0,0,0,6.26
5/19/19,69,89,0,0,0,10.74
5/20/19,69,88,0,0,0,10.96
5/29/19,68,95,0,0,0,5.37
6/3/19,60,82,0,0,0,4.7
6/18/19,71,91,0.06,0,0,9.4
7/20/19,73,95,0,0,0,5.37
10/24/19,40,73,0,0,0,1.57
12/13/19,36,49,1.4,0,0,4.25
3/9/20,37,69,0,0,0,11.41
4/19/20,39,70,0,0,0,4.03
6/24/20,70,88,0,0,0,4.92
7/23/20,73,95,0.36,0,0,6.26
9/25/20,61,69,1.9,0,0,5.82
10/7/20,57,83,0,0,0,5.82
12/2/20,29,53,0,0,0,4.47
12/11/20,35,68,0,0,0,1.34
2/23/21,31,65,0,0,0,6.93
3/8/21,26,61,0,0,0,1.12
4/29/21,67,86,0,0,0,16.11
6/15/21,64,85,0,0,0,5.14
8/29/21,71,95,0,0,0,2.46
9/5/21,64,89,0,0,0,8.5
11/22/21,41,57,0.52,0,0,4.25
12/6/21,47,73,0,0,0,11.41
1/8/22,21,42,0,0,0,3.8
2/20/22,26,54,0,0,0,5.4
3/22/22,47,76,0,0,0,8.1
1/9/17,9,31,0,0,1.2,2.46
3/6/17,34,65,0,0,0,6.71
4/20/17,56,85,0,0,0,5.82
5/12/17,54,61,0.07,0,0,7.61
5/18/17,66,86,0,0,0,10.96
6/5/17,67,85,1.54,0,0,6.04
7/14/17,77,97,0,0,0,9.4
7/18/17,71,89,0,0,0,5.14
8/19/17,73,92,0.05,0,0,2.91
8/30/17,59,84,0,0,0,1.79
9/1/17,64,78,1.06,0,0,7.83
9/11/17,58,67,0.01,0,0,12.75
10/2/17,47,76,0,0,0,4.92
10/12/17,65,77,0,0,0,8.28
10/14/17,62,78,0,0,0,3.13
10/29/17,41,68,0.78,0,0,7.61
2/7/18,44,65,0.21,0,0,8.5
2/17/18,40,56,0.06,0,0,6.93
4/1/18,41,75,0,0,0,7.61
4/13/18,52,80,0,0,0,14.32
5/1/18,45,83,0,0,0,4.47
5/26/18,68,87,0.33,0,0,8.5
7/8/18,62,82,0,0,0,8.05
7/18/18,72,89,0,0,0,6.71
7/23/18,70,88,0.02,0,0,6.26
8/7/18,71,93,0.2,0,0,6.71
8/9/18,69,90,0,0,0,4.7
8/10/18,69,91,0,0,0,2.01
8/31/18,69,92,0.27,0,0,3.8
9/10/18,67,88,0.26,0,0,4.47
10/3/18,64,86,0,0,0,2.68
10/11/18,63,79,2.6,0,0,11.63
10/13/18,48,70,0,0,0,3.36
10/18/18,43,62,0,0,0,4.47
10/25/18,36,55,0,0,0,1.34
11/24/18,36,45,0.72,0,0,5.14
12/20/18,45,66,0.68,0,0,8.72
12/22/18,34,53,0,0,0,6.71
12/30/18,45,59,0.01,0,0,2.91
2/4/19,37,68,0,0,0,2.68
3/16/19,40,59,0,0,0,4.92
4/13/19,64,70,0.93,0,0,5.59
4/14/19,66,79,0.28,0,0,11.86
5/7/19,58,79,0,0,0,4.47
5/12/19,65,76,0,0,0,11.63
7/13/19,73,95,0,0,0,4.92
9/8/19,66,89,0,0,0,4.03
9/24/19,64,89,0,0,0,3.8
9/28/19,71,94,0,0,0,7.61
10/6/19,57,82,0,0,0,4.47
10/25/19,52,75,0,0,0,1.12
11/12/19,29,56,0.94,0,0,6.71
11/28/19,41,59,0,0,0,7.16
1/5/20,37,51,0,0,0,7.61
1/19/20,32,56,0.01,0,0,9.17
2/13/20,50,69,0.57,0,0,11.41
3/4/20,47,60,0,0,0,5.82
3/28/20,62,89,0,0,0,7.16
4/7/20,51,84,0,0,0,6.04
4/26/20,51,74,0.26,0,0,7.16
4/27/20,44,69,0,0,0,6.26
5/26/20,66,79,0,0,0,6.93
6/13/20,63,83,0,0,0,7.16
6/15/20,58,65,0.77,0,0,9.84
7/3/20,66,94,0,0,0,2.24
8/6/20,72,87,0.06,0,0,2.91
9/29/20,59,85,0.68,0,0,7.61
10/9/20,56,72,0,0,0,5.14
12/30/20,26,46,0.06,0,0,1.79
1/8/21,35,40,0.35,0,0,5.59
2/4/21,23,53,0,0,0,5.14
2/15/21,35,43,0.63,0,0,6.26
3/5/21,34,52,0,0,0,4.7
3/9/21,33,72,0,0,0,3.36
3/30/21,40,74,0,0,0,7.38
5/25/21,65,85,0,0,0,4.7
6/12/21,70,80,0.03,0,0,7.38
6/24/21,57,79,0,0,0,6.93
6/29/21,71,91,0,0,0,5.59
9/3/21,54,83,0,0,0,3.13
9/20/21,70,84,0,0,0,8.28
10/5/21,66,88,0,0,0,3.36
11/5/21,34,53,0,0,0,6.26
1/2/22,59,70,0.81,0,0,11.4
1/31/22,22,53,0,0,0,2.7
3/6/22,62,81,0,0,0,14.3
5/28/22,61,82,0.62,0,0,2.5
2/2/17,37,61,0,0,0,2.24
3/25/17,52,76,0,0,0,10.74
6/20/17,67,82,0.72,0,0,4.47
7/17/17,71,90,0.02,0,0,4.47
7/25/17,74,91,0,0,0,4.7
9/2/17,61,83,0,0,0,6.26
11/29/17,40,70,0,0,0,2.46
4/25/18,51,68,0,0,0,3.8
7/24/18,71,86,0,0,0,7.38
9/8/18,71,91,0,0,0,3.13
9/22/18,67,88,0,0,0,4.47
9/25/18,69,85,0,0,0,3.36
11/16/18,34,54,0,0,0,5.59
12/8/18,31,43,0,0,0,4.7
3/11/19,44,66,0,0,0,2.91
4/21/19,44,64,0,0,0,3.13
7/29/19,66,93,0,0,0,4.92
8/3/19,70,86,0,0,0,3.36
8/20/19,71,93,0,0,0,7.61
9/16/19,69,90,0,0,0,3.8
11/7/19,41,70,0.08,0,0,4.92
11/26/19,34,65,0,0,0,2.91
2/1/20,36,45,0.04,0,0,4.25
5/7/20,40,67,0,0,0,5.59
5/14/20,58,81,0,0,0,8.05
6/9/20,73,90,0,0,0,6.04
9/26/20,59,73,0,0,0,2.46
11/3/21,44,56,0,0,0,6.04
12/8/21,32,48,0.14,0,0,2.01
3/27/22,34,60,0,0,0,7.6
4/12/22,60,83,0,0,0,8.3
5/25/22,60,68,0,0,0,7.8
1/4/17,41,64,0,0,0,5.82
3/30/17,55,67,0,0,0,8.95
4/12/17,56,83,0,0,0,4.03
8/2/17,66,91,0,0,0,3.36
3/15/18,24,65,0,0,0,11.63
6/23/18,74,92,0.18,0,0,8.72
6/27/18,65,86,0,0,0,3.58
10/19/18,39,69,0,0,0,3.13
1/13/19,32,37,1.04,0,0,7.38
4/9/19,61,74,0.04,0,0,5.82
5/3/19,63,84,0,0,0,8.28
5/10/19,66,78,0,0,0,8.28
7/24/19,62,84,0,0,0,4.7
9/13/19,71,82,0.01,0,0,8.95
12/19/19,27,44,0,0,0,1.79
12/23/19,42,50,0.25,0,0,5.59
1/29/20,28,50,0,0,0,2.68
2/8/20,27,43,0,0,0,5.37
2/22/20,22,54,0,0,0,2.68
4/18/20,41,67,0.36,0,0,9.17
5/3/20,53,86,0,0,0,9.17
9/12/20,68,80,0.01,0,0,8.72
10/15/20,53,80,0,0,0,5.82
11/14/20,43,66,0,0,0,3.13
12/3/20,26,58,0,0,0,3.58
2/7/21,29,49,0.66,0,0,4.25
3/22/21,43,69,0,0,0,10.51
5/24/21,64,93,0.31,0,0,3.8
6/8/21,71,88,0,0,0,10.96
6/25/21,63,80,0.04,0,0,4.47
7/15/21,71,91,0,0,0,6.93
4/13/22,63,84,0,0,0,12.3
4/16/22,51,76,0,0,0,6.5
4/24/22,59,84,0,0,0,8.1
5/10/22,48,75,0,0,0,9.4